epoch,accuracy,loss
0,0.3711525867714473,2.0209090241586973
1,0.7031761624099542,0.9933515556975809
2,0.8146692861820564,0.6189131469548684
3,0.860838244924689,0.48507704043575606
4,0.8809757694826457,0.42018372694235195
